{
"lengthUnit": "mil",
"components": {
	"fields": ["COMPONENT_NO", "COMPONENT_NAME", "LAYER", "X_COORDINATE", "Y_COORDINATE", "ANGLE"],
	"rows": [
		[1, "C1", "T", 185, -1410, 90],
		[2, "C2", "T", 525, -655, 270],
		[3, "C5", "T", 2204.76, -290, 0],
		[4, "C6", "T", 2204.76, -1860.04, 0],
		[5, "C7", "T", 2992.17, -290, 0],
		[6, "C8", "T", 2992.17, -1860.04, 0],
		[7, "C9", "T", 3779.57, -290, 0],
		[8, "C10", "T", 3779.57, -1860.04, 0],
		[9, "C11", "T", 4566.97, -290, 0],
		[10, "C12", "T", 4566.97, -1860.04, 0],
		[11, "C13", "T", 5354.37, -290, 0],
		[12, "C14", "T", 5354.37, -1860.04, 0],
		[13, "C15", "T", 6141.77, -290, 0],
		[14, "C16", "T", 6141.77, -1860.04, 0],
		[15, "C17", "T", 6929.17, -290, 0],
		[16, "C18", "T", 6929.17, -1840, 0],
		[17, "C19", "T", 7716.57, -290, 0],
		[18, "C20", "T", 7716.57, -1845, 0],
		[19, "C21", "T", 8503.98, -290, 0],
		[20, "C22", "T", 8503.98, -1840, 0],
		[21, "C23", "T", 9291.38, -290, 0],
		[22, "C24", "T", 9291.38, -1840, 0],
		[23, "C25", "T", 10078.78, -290, 0],
		[24, "C26", "T", 10078.78, -1835, 0],
		[25, "C27", "T", 10866.18, -290, 0],
		[26, "C28", "T", 10866.18, -1845, 0],
		[27, "C29", "T", 11653.58, -290, 0],
		[28, "C30", "T", 11653.58, -1845, 0],
		[29, "C33", "T", 775, -1875, 270],
		[30, "C34", "T", 550, -1870, 270],
		[31, "D1", "T", 305, -235, 270],
		[32, "D2", "T", 415, -235, 90],
		[33, "P1", "T", 210, -1865, 90],
		[34, "Q1", "T", 1065, -275, 0],
		[35, "Q2", "T", 1100, -1870, 180],
		[36, "Q3", "T", 1350, -1865, 90],
		[37, "Q4", "T", 1285, -280, 270],
		[38, "Q5", "T", 900, -1500, 90],
		[39, "R7", "T", 125, -215, 90],
		[40, "R8", "T", 710, -395, 0],
		[41, "R9", "T", 535, -1440, 0],
		[42, "R10", "T", 545, -1590, 180],
		[43, "R11", "T", 535, -1335, 0],
		[44, "U1", "T", 1220, -960, 180],
		[45, "U3", "T", 275, -1030, 0],
		[46, "U4", "T", 2095, -995, 225],
		[47, "U5", "T", 2445, -1090, 90],
		[48, "U6", "T", 2875, -995, 225],
		[49, "U7", "T", 3210, -1085, 90],
		[50, "U8", "T", 3655, -1005, 225],
		[51, "U9", "T", 4025, -1095, 90],
		[52, "U10", "T", 4465, -975, 225],
		[53, "U11", "T", 4810, -1070, 90],
		[54, "U12", "T", 5240, -955, 225],
		[55, "U13", "T", 5595, -1050, 90],
		[56, "U14", "T", 6040, -960, 225],
		[57, "U15", "T", 6390, -1055, 90],
		[58, "U16", "T", 6815, -960, 225],
		[59, "U17", "T", 7175, -1055, 90],
		[60, "U18", "T", 7595, -950, 225],
		[61, "U19", "T", 7960, -1040, 90],
		[62, "U20", "T", 8390, -1020, 225],
		[63, "U21", "T", 8750, -1115, 90],
		[64, "U22", "T", 9140, -1180, 225],
		[65, "U23", "T", 9535, -1140, 90],
		[66, "U24", "T", 9935, -1035, 225],
		[67, "U25", "T", 10330, -1125, 90],
		[68, "U26", "T", 10730, -1040, 225],
		[69, "U27", "T", 11105, -1130, 90],
		[70, "U28", "T", 11520, -1035, 225],
		[71, "U29", "T", 11895, -1130, 90]
	]
},
"pins": {
	"fields": ["PIN_NO", "PIN_NAME", "PIN_X", "PIN_Y", "LAYER", "PIN_TYPE", "NET_NAME", "NET_TYPE", "PAD_SHAPE", "PAD_SIZEX", "PAD_SIZEY", "HOLE_SIZE", "PAD_ANGLE"],
	"rows": [
		[1, "C1_1", 185, -1508.43, "T", "DIP", "GND", "GND", "C", 70.87, 70.87, 39.37, 90],
		[2, "C1_1", 185, -1508.43, "B", "DIP", "GND", "GND", "C", 70.87, 70.87, 39.37, 90],
		[3, "C1_2", 185, -1311.58, "T", "DIP", "TRIG", "", "C", 70.87, 70.87, 39.37, 90],
		[4, "C1_2", 185, -1311.58, "B", "DIP", "TRIG", "", "C", 70.87, 70.87, 39.37, 90],
		[5, "C2_1", 525, -556.57, "T", "DIP", "GND", "GND", "C", 70.87, 70.87, 39.37, 270],
		[6, "C2_1", 525, -556.57, "B", "DIP", "GND", "GND", "C", 70.87, 70.87, 39.37, 270],
		[7, "C2_2", 525, -753.42, "T", "DIP", "$1N1749", "", "C", 70.87, 70.87, 39.37, 270],
		[8, "C2_2", 525, -753.42, "B", "DIP", "$1N1749", "", "C", 70.87, 70.87, 39.37, 270],
		[9, "C5_1", 1958.7, -132.52, "T", "DIP", "$1N4334", "", "C", 78.74, 78.74, 47.24, 0],
		[10, "C5_1", 1958.7, -132.52, "B", "DIP", "$1N4334", "", "C", 78.74, 78.74, 47.24, 0],
		[11, "C5_2", 2450.82, -447.48, "T", "DIP", "$1N2141", "", "C", 78.74, 78.74, 47.24, 0],
		[12, "C5_2", 2450.82, -447.48, "B", "DIP", "$1N2141", "", "C", 78.74, 78.74, 47.24, 0],
		[13, "C6_1", 1958.7, -1702.56, "T", "DIP", "GND", "GND", "C", 78.74, 78.74, 47.24, 0],
		[14, "C6_1", 1958.7, -1702.56, "B", "DIP", "GND", "GND", "C", 78.74, 78.74, 47.24, 0],
		[15, "C6_2", 2450.82, -2017.52, "T", "DIP", "$1N2190", "", "C", 78.74, 78.74, 47.24, 0],
		[16, "C6_2", 2450.82, -2017.52, "B", "DIP", "$1N2190", "", "C", 78.74, 78.74, 47.24, 0],
		[17, "C7_1", 2746.11, -132.52, "T", "DIP", "$1N2141", "", "C", 78.74, 78.74, 47.24, 0],
		[18, "C7_1", 2746.11, -132.52, "B", "DIP", "$1N2141", "", "C", 78.74, 78.74, 47.24, 0],
		[19, "C7_2", 3238.23, -447.48, "T", "DIP", "$1N2475", "", "C", 78.74, 78.74, 47.24, 0],
		[20, "C7_2", 3238.23, -447.48, "B", "DIP", "$1N2475", "", "C", 78.74, 78.74, 47.24, 0],
		[21, "C8_1", 2746.11, -1702.56, "T", "DIP", "$1N2190", "", "C", 78.74, 78.74, 47.24, 0],
		[22, "C8_1", 2746.11, -1702.56, "B", "DIP", "$1N2190", "", "C", 78.74, 78.74, 47.24, 0],
		[23, "C8_2", 3238.23, -2017.52, "T", "DIP", "$1N2479", "", "C", 78.74, 78.74, 47.24, 0],
		[24, "C8_2", 3238.23, -2017.52, "B", "DIP", "$1N2479", "", "C", 78.74, 78.74, 47.24, 0],
		[25, "C9_1", 3533.51, -132.52, "T", "DIP", "$1N2475", "", "C", 78.74, 78.74, 47.24, 0],
		[26, "C9_1", 3533.51, -132.52, "B", "DIP", "$1N2475", "", "C", 78.74, 78.74, 47.24, 0],
		[27, "C9_2", 4025.63, -447.48, "T", "DIP", "$1N2619", "", "C", 78.74, 78.74, 47.24, 0],
		[28, "C9_2", 4025.63, -447.48, "B", "DIP", "$1N2619", "", "C", 78.74, 78.74, 47.24, 0],
		[29, "C10_1", 3533.51, -1702.56, "T", "DIP", "$1N2479", "", "C", 78.74, 78.74, 47.24, 0],
		[30, "C10_1", 3533.51, -1702.56, "B", "DIP", "$1N2479", "", "C", 78.74, 78.74, 47.24, 0],
		[31, "C10_2", 4025.63, -2017.52, "T", "DIP", "$1N2623", "", "C", 78.74, 78.74, 47.24, 0],
		[32, "C10_2", 4025.63, -2017.52, "B", "DIP", "$1N2623", "", "C", 78.74, 78.74, 47.24, 0],
		[33, "C11_1", 4320.91, -132.52, "T", "DIP", "$1N2619", "", "C", 78.74, 78.74, 47.24, 0],
		[34, "C11_1", 4320.91, -132.52, "B", "DIP", "$1N2619", "", "C", 78.74, 78.74, 47.24, 0],
		[35, "C11_2", 4813.03, -447.48, "T", "DIP", "$1N2763", "", "C", 78.74, 78.74, 47.24, 0],
		[36, "C11_2", 4813.03, -447.48, "B", "DIP", "$1N2763", "", "C", 78.74, 78.74, 47.24, 0],
		[37, "C12_1", 4320.91, -1702.56, "T", "DIP", "$1N2623", "", "C", 78.74, 78.74, 47.24, 0],
		[38, "C12_1", 4320.91, -1702.56, "B", "DIP", "$1N2623", "", "C", 78.74, 78.74, 47.24, 0],
		[39, "C12_2", 4813.03, -2017.52, "T", "DIP", "$1N2767", "", "C", 78.74, 78.74, 47.24, 0],
		[40, "C12_2", 4813.03, -2017.52, "B", "DIP", "$1N2767", "", "C", 78.74, 78.74, 47.24, 0],
		[41, "C13_1", 5108.31, -132.52, "T", "DIP", "$1N2763", "", "C", 78.74, 78.74, 47.24, 0],
		[42, "C13_1", 5108.31, -132.52, "B", "DIP", "$1N2763", "", "C", 78.74, 78.74, 47.24, 0],
		[43, "C13_2", 5600.43, -447.48, "T", "DIP", "$1N2907", "", "C", 78.74, 78.74, 47.24, 0],
		[44, "C13_2", 5600.43, -447.48, "B", "DIP", "$1N2907", "", "C", 78.74, 78.74, 47.24, 0],
		[45, "C14_1", 5108.31, -1702.56, "T", "DIP", "$1N2767", "", "C", 78.74, 78.74, 47.24, 0],
		[46, "C14_1", 5108.31, -1702.56, "B", "DIP", "$1N2767", "", "C", 78.74, 78.74, 47.24, 0],
		[47, "C14_2", 5600.43, -2017.52, "T", "DIP", "$1N2911", "", "C", 78.74, 78.74, 47.24, 0],
		[48, "C14_2", 5600.43, -2017.52, "B", "DIP", "$1N2911", "", "C", 78.74, 78.74, 47.24, 0],
		[49, "C15_1", 5895.71, -132.52, "T", "DIP", "$1N2907", "", "C", 78.74, 78.74, 47.24, 0],
		[50, "C15_1", 5895.71, -132.52, "B", "DIP", "$1N2907", "", "C", 78.74, 78.74, 47.24, 0],
		[51, "C15_2", 6387.83, -447.48, "T", "DIP", "$1N3051", "", "C", 78.74, 78.74, 47.24, 0],
		[52, "C15_2", 6387.83, -447.48, "B", "DIP", "$1N3051", "", "C", 78.74, 78.74, 47.24, 0],
		[53, "C16_1", 5895.71, -1702.56, "T", "DIP", "$1N2911", "", "C", 78.74, 78.74, 47.24, 0],
		[54, "C16_1", 5895.71, -1702.56, "B", "DIP", "$1N2911", "", "C", 78.74, 78.74, 47.24, 0],
		[55, "C16_2", 6387.83, -2017.52, "T", "DIP", "$1N3055", "", "C", 78.74, 78.74, 47.24, 0],
		[56, "C16_2", 6387.83, -2017.52, "B", "DIP", "$1N3055", "", "C", 78.74, 78.74, 47.24, 0],
		[57, "C17_1", 6683.11, -132.52, "T", "DIP", "$1N3051", "", "C", 78.74, 78.74, 47.24, 0],
		[58, "C17_1", 6683.11, -132.52, "B", "DIP", "$1N3051", "", "C", 78.74, 78.74, 47.24, 0],
		[59, "C17_2", 7175.23, -447.48, "T", "DIP", "$1N3195", "", "C", 78.74, 78.74, 47.24, 0],
		[60, "C17_2", 7175.23, -447.48, "B", "DIP", "$1N3195", "", "C", 78.74, 78.74, 47.24, 0],
		[61, "C18_1", 6683.11, -1682.52, "T", "DIP", "$1N3055", "", "C", 78.74, 78.74, 47.24, 0],
		[62, "C18_1", 6683.11, -1682.52, "B", "DIP", "$1N3055", "", "C", 78.74, 78.74, 47.24, 0],
		[63, "C18_2", 7175.23, -1997.48, "T", "DIP", "$1N3199", "", "C", 78.74, 78.74, 47.24, 0],
		[64, "C18_2", 7175.23, -1997.48, "B", "DIP", "$1N3199", "", "C", 78.74, 78.74, 47.24, 0],
		[65, "C19_1", 7470.51, -132.52, "T", "DIP", "$1N3195", "", "C", 78.74, 78.74, 47.24, 0],
		[66, "C19_1", 7470.51, -132.52, "B", "DIP", "$1N3195", "", "C", 78.74, 78.74, 47.24, 0],
		[67, "C19_2", 7962.63, -447.48, "T", "DIP", "$1N3339", "", "C", 78.74, 78.74, 47.24, 0],
		[68, "C19_2", 7962.63, -447.48, "B", "DIP", "$1N3339", "", "C", 78.74, 78.74, 47.24, 0],
		[69, "C20_1", 7470.51, -1687.52, "T", "DIP", "$1N3199", "", "C", 78.74, 78.74, 47.24, 0],
		[70, "C20_1", 7470.51, -1687.52, "B", "DIP", "$1N3199", "", "C", 78.74, 78.74, 47.24, 0],
		[71, "C20_2", 7962.63, -2002.48, "T", "DIP", "$1N3343", "", "C", 78.74, 78.74, 47.24, 0],
		[72, "C20_2", 7962.63, -2002.48, "B", "DIP", "$1N3343", "", "C", 78.74, 78.74, 47.24, 0],
		[73, "C21_1", 8257.92, -132.52, "T", "DIP", "$1N3339", "", "C", 78.74, 78.74, 47.24, 0],
		[74, "C21_1", 8257.92, -132.52, "B", "DIP", "$1N3339", "", "C", 78.74, 78.74, 47.24, 0],
		[75, "C21_2", 8750.04, -447.48, "T", "DIP", "$1N4268", "", "C", 78.74, 78.74, 47.24, 0],
		[76, "C21_2", 8750.04, -447.48, "B", "DIP", "$1N4268", "", "C", 78.74, 78.74, 47.24, 0],
		[77, "C22_1", 8257.92, -1682.52, "T", "DIP", "$1N3343", "", "C", 78.74, 78.74, 47.24, 0],
		[78, "C22_1", 8257.92, -1682.52, "B", "DIP", "$1N3343", "", "C", 78.74, 78.74, 47.24, 0],
		[79, "C22_2", 8750.04, -1997.48, "T", "DIP", "$1N4243", "", "C", 78.74, 78.74, 47.24, 0],
		[80, "C22_2", 8750.04, -1997.48, "B", "DIP", "$1N4243", "", "C", 78.74, 78.74, 47.24, 0],
		[81, "C23_1", 9045.32, -132.52, "T", "DIP", "$1N4268", "", "C", 78.74, 78.74, 47.24, 0],
		[82, "C23_1", 9045.32, -132.52, "B", "DIP", "$1N4268", "", "C", 78.74, 78.74, 47.24, 0],
		[83, "C23_2", 9537.44, -447.48, "T", "DIP", "$1N4271", "", "C", 78.74, 78.74, 47.24, 0],
		[84, "C23_2", 9537.44, -447.48, "B", "DIP", "$1N4271", "", "C", 78.74, 78.74, 47.24, 0],
		[85, "C24_1", 9045.32, -1682.52, "T", "DIP", "$1N4243", "", "C", 78.74, 78.74, 47.24, 0],
		[86, "C24_1", 9045.32, -1682.52, "B", "DIP", "$1N4243", "", "C", 78.74, 78.74, 47.24, 0],
		[87, "C24_2", 9537.44, -1997.48, "T", "DIP", "$1N3631", "", "C", 78.74, 78.74, 47.24, 0],
		[88, "C24_2", 9537.44, -1997.48, "B", "DIP", "$1N3631", "", "C", 78.74, 78.74, 47.24, 0],
		[89, "C25_1", 9832.72, -132.52, "T", "DIP", "$1N4271", "", "C", 78.74, 78.74, 47.24, 0],
		[90, "C25_1", 9832.72, -132.52, "B", "DIP", "$1N4271", "", "C", 78.74, 78.74, 47.24, 0],
		[91, "C25_2", 10324.84, -447.48, "T", "DIP", "$1N4211", "", "C", 78.74, 78.74, 47.24, 0],
		[92, "C25_2", 10324.84, -447.48, "B", "DIP", "$1N4211", "", "C", 78.74, 78.74, 47.24, 0],
		[93, "C26_1", 9832.72, -1677.52, "T", "DIP", "$1N3631", "", "C", 78.74, 78.74, 47.24, 0],
		[94, "C26_1", 9832.72, -1677.52, "B", "DIP", "$1N3631", "", "C", 78.74, 78.74, 47.24, 0],
		[95, "C26_2", 10324.84, -1992.48, "T", "DIP", "$1N3775", "", "C", 78.74, 78.74, 47.24, 0],
		[96, "C26_2", 10324.84, -1992.48, "B", "DIP", "$1N3775", "", "C", 78.74, 78.74, 47.24, 0],
		[97, "C27_1", 10620.12, -132.52, "T", "DIP", "$1N4211", "", "C", 78.74, 78.74, 47.24, 0],
		[98, "C27_1", 10620.12, -132.52, "B", "DIP", "$1N4211", "", "C", 78.74, 78.74, 47.24, 0],
		[99, "C27_2", 11112.24, -447.48, "T", "DIP", "$1N4214", "", "C", 78.74, 78.74, 47.24, 0],
		[100, "C27_2", 11112.24, -447.48, "B", "DIP", "$1N4214", "", "C", 78.74, 78.74, 47.24, 0],
		[101, "C28_1", 10620.12, -1687.52, "T", "DIP", "$1N3775", "", "C", 78.74, 78.74, 47.24, 0],
		[102, "C28_1", 10620.12, -1687.52, "B", "DIP", "$1N3775", "", "C", 78.74, 78.74, 47.24, 0],
		[103, "C28_2", 11112.24, -2002.48, "T", "DIP", "$1N3919", "", "C", 78.74, 78.74, 47.24, 0],
		[104, "C28_2", 11112.24, -2002.48, "B", "DIP", "$1N3919", "", "C", 78.74, 78.74, 47.24, 0],
		[105, "C29_1", 11407.52, -132.52, "T", "DIP", "$1N4214", "", "C", 78.74, 78.74, 47.24, 0],
		[106, "C29_1", 11407.52, -132.52, "B", "DIP", "$1N4214", "", "C", 78.74, 78.74, 47.24, 0],
		[107, "C29_2", 11899.64, -447.48, "T", "DIP", "NET5", "", "C", 78.74, 78.74, 47.24, 0],
		[108, "C29_2", 11899.64, -447.48, "B", "DIP", "NET5", "", "C", 78.74, 78.74, 47.24, 0],
		[109, "C30_1", 11407.52, -1687.52, "T", "DIP", "$1N3919", "", "C", 78.74, 78.74, 47.24, 0],
		[110, "C30_1", 11407.52, -1687.52, "B", "DIP", "$1N3919", "", "C", 78.74, 78.74, 47.24, 0],
		[111, "C30_2", 11899.64, -2002.48, "T", "DIP", "$1N4063", "", "C", 78.74, 78.74, 47.24, 0],
		[112, "C30_2", 11899.64, -2002.48, "B", "DIP", "$1N4063", "", "C", 78.74, 78.74, 47.24, 0],
		[113, "C33_1", 775, -1835.63, "T", "DIP", "VCC", "", "C", 51.18, 51.18, 31.5, 270],
		[114, "C33_1", 775, -1835.63, "B", "DIP", "VCC", "", "C", 51.18, 51.18, 31.5, 270],
		[115, "C33_2", 775, -1914.37, "T", "DIP", "GND", "GND", "C", 51.18, 51.18, 31.5, 270],
		[116, "C33_2", 775, -1914.37, "B", "DIP", "GND", "GND", "C", 51.18, 51.18, 31.5, 270],
		[117, "C34_1", 550, -1830.63, "T", "DIP", "VCC", "", "C", 51.18, 51.18, 31.5, 270],
		[118, "C34_1", 550, -1830.63, "B", "DIP", "VCC", "", "C", 51.18, 51.18, 31.5, 270],
		[119, "C34_2", 550, -1909.37, "T", "DIP", "GND", "GND", "C", 51.18, 51.18, 31.5, 270],
		[120, "C34_2", 550, -1909.37, "B", "DIP", "GND", "GND", "C", 51.18, 51.18, 31.5, 270],
		[121, "D1_1", 305, -73.58, "T", "DIP", "$1N1693", "", "C", 62.99, 62.99, 31.5, 90],
		[122, "D1_1", 305, -73.58, "B", "DIP", "$1N1693", "", "C", 62.99, 62.99, 31.5, 90],
		[123, "D1_2", 305, -396.42, "T", "DIP", "$1N1755", "", "C", 62.99, 62.99, 31.5, 90],
		[124, "D1_2", 305, -396.42, "B", "DIP", "$1N1755", "", "C", 62.99, 62.99, 31.5, 90],
		[125, "D2_1", 415, -396.42, "T", "DIP", "$1N1755", "", "C", 62.99, 62.99, 31.5, 270],
		[126, "D2_1", 415, -396.42, "B", "DIP", "$1N1755", "", "C", 62.99, 62.99, 31.5, 270],
		[127, "D2_2", 415, -73.58, "T", "DIP", "$1N1691", "", "C", 62.99, 62.99, 31.5, 270],
		[128, "D2_2", 415, -73.58, "B", "DIP", "$1N1691", "", "C", 62.99, 62.99, 31.5, 270],
		[129, "P1_1", 210, -1963.6, "T", "DIP", "GND", "GND", "C", 78.74, 78.74, 47.24, 90],
		[130, "P1_1", 210, -1963.6, "B", "DIP", "GND", "GND", "C", 78.74, 78.74, 47.24, 90],
		[131, "P1_2", 210, -1766.4, "T", "DIP", "VCC", "", "C", 78.74, 78.74, 47.24, 90],
		[132, "P1_2", 210, -1766.4, "B", "DIP", "VCC", "", "C", 78.74, 78.74, 47.24, 90],
		[133, "Q1_1", 1065, -175, "T", "DIP", "$1N1044", "", "R", 78.74, 98.42, 51.18, 270],
		[134, "Q1_1", 1065, -175, "B", "DIP", "$1N1044", "", "R", 78.74, 98.42, 51.18, 270],
		[135, "Q1_2", 1065, -275, "T", "DIP", "VCC", "", "O", 78.74, 98.42, 51.18, 270],
		[136, "Q1_2", 1065, -275, "B", "DIP", "VCC", "", "O", 78.74, 98.42, 51.18, 270],
		[137, "Q1_3", 1065, -375, "T", "DIP", "$1N998", "", "O", 78.74, 98.42, 51.18, 270],
		[138, "Q1_3", 1065, -375, "B", "DIP", "$1N998", "", "O", 78.74, 98.42, 51.18, 270],
		[139, "Q2_1", 1100, -1970, "T", "DIP", "$1N1038", "", "R", 78.74, 98.42, 51.18, 90],
		[140, "Q2_1", 1100, -1970, "B", "DIP", "$1N1038", "", "R", 78.74, 98.42, 51.18, 90],
		[141, "Q2_2", 1100, -1870, "T", "DIP", "VCC", "", "O", 78.74, 98.42, 51.18, 90],
		[142, "Q2_2", 1100, -1870, "B", "DIP", "VCC", "", "O", 78.74, 98.42, 51.18, 90],
		[143, "Q2_3", 1100, -1770, "T", "DIP", "$1N872", "", "O", 78.74, 98.42, 51.18, 90],
		[144, "Q2_3", 1100, -1770, "B", "DIP", "$1N872", "", "O", 78.74, 98.42, 51.18, 90],
		[145, "Q3_1", 1350, -1967.36, "T", "DIP", "$1N1038", "", "R", 70.87, 70.87, 47.24, 90],
		[146, "Q3_1", 1350, -1967.36, "B", "DIP", "$1N1038", "", "R", 70.87, 70.87, 47.24, 90],
		[147, "Q3_2", 1350, -1865, "T", "DIP", "GND", "GND", "C", 70.87, 70.87, 47.24, 90],
		[148, "Q3_2", 1350, -1865, "B", "DIP", "GND", "GND", "C", 70.87, 70.87, 47.24, 90],
		[149, "Q3_3", 1350, -1762.64, "T", "DIP", "$1N872", "", "C", 70.87, 70.87, 47.24, 90],
		[150, "Q3_3", 1350, -1762.64, "B", "DIP", "$1N872", "", "C", 70.87, 70.87, 47.24, 90],
		[151, "Q4_1", 1285, -177.64, "T", "DIP", "$1N1044", "", "R", 70.87, 70.87, 47.24, 270],
		[152, "Q4_1", 1285, -177.64, "B", "DIP", "$1N1044", "", "R", 70.87, 70.87, 47.24, 270],
		[153, "Q4_2", 1285, -280, "T", "DIP", "GND", "GND", "C", 70.87, 70.87, 47.24, 270],
		[154, "Q4_2", 1285, -280, "B", "DIP", "GND", "GND", "C", 70.87, 70.87, 47.24, 270],
		[155, "Q4_3", 1285, -382.36, "T", "DIP", "$1N998", "", "C", 70.87, 70.87, 47.24, 270],
		[156, "Q4_3", 1285, -382.36, "B", "DIP", "$1N998", "", "C", 70.87, 70.87, 47.24, 270],
		[157, "Q5_1", 900, -1600, "T", "DIP", "$1N1038", "", "R", 70.87, 70.87, 39.37, 360],
		[158, "Q5_1", 900, -1600, "B", "DIP", "$1N1038", "", "R", 70.87, 70.87, 39.37, 360],
		[159, "Q5_2", 900, -1500, "T", "DIP", "$1N1125", "", "C", 70.87, 70.87, 39.37, 360],
		[160, "Q5_2", 900, -1500, "B", "DIP", "$1N1125", "", "C", 70.87, 70.87, 39.37, 360],
		[161, "Q5_3", 900, -1400, "T", "DIP", "GND", "GND", "C", 70.87, 70.87, 39.37, 360],
		[162, "Q5_3", 900, -1400, "B", "DIP", "GND", "GND", "C", 70.87, 70.87, 39.37, 360],
		[163, "R7_1", 125, -313.42, "T", "DIP", "$1N1693", "", "C", 60, 60, 30, 90],
		[164, "R7_1", 125, -313.42, "B", "DIP", "$1N1693", "", "C", 60, 60, 30, 90],
		[165, "R7_2", 125, -215, "T", "DIP", "TRIG", "", "C", 60, 60, 30, 90],
		[166, "R7_2", 125, -215, "B", "DIP", "TRIG", "", "C", 60, 60, 30, 90],
		[167, "R7_3", 125, -116.58, "T", "DIP", "$1N1691", "", "C", 60, 60, 30, 90],
		[168, "R7_3", 125, -116.58, "B", "DIP", "$1N1691", "", "C", 60, 60, 30, 90],
		[169, "R8_1", 503.31, -395, "T", "DIP", "$1N1755", "", "C", 55.12, 55.12, 27.56, 0],
		[170, "R8_1", 503.31, -395, "B", "DIP", "$1N1755", "", "C", 55.12, 55.12, 27.56, 0],
		[171, "R8_2", 916.69, -395, "T", "DIP", "VCC", "", "C", 55.12, 55.12, 27.56, 0],
		[172, "R8_2", 916.69, -395, "B", "DIP", "VCC", "", "C", 55.12, 55.12, 27.56, 0],
		[173, "R9_1", 328.31, -1440, "T", "DIP", "$1N1129", "", "C", 62.99, 62.99, 36, 0],
		[174, "R9_1", 328.31, -1440, "B", "DIP", "$1N1129", "", "C", 62.99, 62.99, 36, 0],
		[175, "R9_2", 741.69, -1440, "T", "DIP", "$1N1125", "", "C", 62.99, 62.99, 36, 0],
		[176, "R9_2", 741.69, -1440, "B", "DIP", "$1N1125", "", "C", 62.99, 62.99, 36, 0],
		[177, "R10_1", 751.69, -1590, "T", "DIP", "$1N1038", "", "C", 62.99, 62.99, 36, 180],
		[178, "R10_1", 751.69, -1590, "B", "DIP", "$1N1038", "", "C", 62.99, 62.99, 36, 180],
		[179, "R10_2", 338.31, -1590, "T", "DIP", "VCC", "", "C", 62.99, 62.99, 36, 180],
		[180, "R10_2", 338.31, -1590, "B", "DIP", "VCC", "", "C", 62.99, 62.99, 36, 180],
		[181, "R11_1", 328.31, -1335, "T", "DIP", "$1N1129", "", "C", 62.99, 62.99, 36, 0],
		[182, "R11_1", 328.31, -1335, "B", "DIP", "$1N1129", "", "C", 62.99, 62.99, 36, 0],
		[183, "R11_2", 741.69, -1335, "T", "DIP", "$1N1044", "", "C", 62.99, 62.99, 36, 0],
		[184, "R11_2", 741.69, -1335, "B", "DIP", "$1N1044", "", "C", 62.99, 62.99, 36, 0],
		[185, "U1_1", 1031.02, -834.01, "T", "SMD", "$1N998", "", "R", 228.35, 78.74, 0, 0],
		[186, "U1_2", 1031.02, -1085.98, "T", "SMD", "$1N872", "", "R", 228.35, 78.74, 0, 0],
		[187, "U1_3", 1408.97, -1107.64, "T", "SMD", "U1_3", "", "R", 118.11, 47.24, 0, 0],
		[188, "U1_4", 1408.98, -1009.21, "T", "SMD", "GND", "GND", "R", 118.11, 47.24, 0, 0],
		[189, "U1_5", 1408.98, -910.79, "T", "SMD", "$1N4334", "", "R", 118.11, 47.24, 0, 0],
		[190, "U1_6", 1408.98, -812.36, "T", "SMD", "U1_6", "", "R", 118.11, 47.24, 0, 0],
		[191, "U3_1", 125, -1180, "T", "DIP", "GND", "GND", "R", 59.05, 59.05, 35.43, 0],
		[192, "U3_1", 125, -1180, "B", "DIP", "GND", "GND", "R", 59.05, 59.05, 35.43, 0],
		[193, "U3_2", 225, -1180, "T", "DIP", "TRIG", "", "C", 59.05, 59.05, 35.43, 90],
		[194, "U3_2", 225, -1180, "B", "DIP", "TRIG", "", "C", 59.05, 59.05, 35.43, 90],
		[195, "U3_3", 325, -1180, "T", "DIP", "$1N1129", "", "C", 59.05, 59.05, 35.43, 90],
		[196, "U3_3", 325, -1180, "B", "DIP", "$1N1129", "", "C", 59.05, 59.05, 35.43, 90],
		[197, "U3_4", 425, -1180, "T", "DIP", "VCC", "", "C", 59.05, 59.05, 35.43, 90],
		[198, "U3_4", 425, -1180, "B", "DIP", "VCC", "", "C", 59.05, 59.05, 35.43, 90],
		[199, "U3_5", 425, -880, "T", "DIP", "$1N1749", "", "C", 59.05, 59.05, 35.43, 90],
		[200, "U3_5", 425, -880, "B", "DIP", "$1N1749", "", "C", 59.05, 59.05, 35.43, 90],
		[201, "U3_6", 325, -880, "T", "DIP", "TRIG", "", "C", 59.05, 59.05, 35.43, 90],
		[202, "U3_6", 325, -880, "B", "DIP", "TRIG", "", "C", 59.05, 59.05, 35.43, 90],
		[203, "U3_7", 225, -880, "T", "DIP", "$1N1755", "", "C", 59.05, 59.05, 35.43, 90],
		[204, "U3_7", 225, -880, "B", "DIP", "$1N1755", "", "C", 59.05, 59.05, 35.43, 90],
		[205, "U3_8", 125, -880, "T", "DIP", "VCC", "", "C", 59.05, 59.05, 35.43, 90],
		[206, "U3_8", 125, -880, "B", "DIP", "VCC", "", "C", 59.05, 59.05, 35.43, 90],
		[207, "U4_1", 2317.71, -772.29, "T", "DIP", "$1N2141", "", "C", 60, 60, 39.37, 45],
		[208, "U4_1", 2317.71, -772.29, "B", "DIP", "$1N2141", "", "C", 60, 60, 39.37, 45],
		[209, "U4_2", 1872.29, -1217.71, "T", "DIP", "GND", "GND", "C", 60, 60, 39.37, 45],
		[210, "U4_2", 1872.29, -1217.71, "B", "DIP", "GND", "GND", "C", 60, 60, 39.37, 45],
		[211, "U5_1", 2445, -1404.96, "T", "DIP", "$1N2190", "", "C", 60, 60, 39.37, 270],
		[212, "U5_1", 2445, -1404.96, "B", "DIP", "$1N2190", "", "C", 60, 60, 39.37, 270],
		[213, "U5_2", 2445, -775.04, "T", "DIP", "$1N2141", "", "C", 60, 60, 39.37, 270],
		[214, "U5_2", 2445, -775.04, "B", "DIP", "$1N2141", "", "C", 60, 60, 39.37, 270],
		[215, "U6_1", 3097.71, -772.29, "T", "DIP", "$1N2475", "", "C", 60, 60, 39.37, 45],
		[216, "U6_1", 3097.71, -772.29, "B", "DIP", "$1N2475", "", "C", 60, 60, 39.37, 45],
		[217, "U6_2", 2652.29, -1217.71, "T", "DIP", "$1N2190", "", "C", 60, 60, 39.37, 45],
		[218, "U6_2", 2652.29, -1217.71, "B", "DIP", "$1N2190", "", "C", 60, 60, 39.37, 45],
		[219, "U7_1", 3210, -1399.96, "T", "DIP", "$1N2479", "", "C", 60, 60, 39.37, 270],
		[220, "U7_1", 3210, -1399.96, "B", "DIP", "$1N2479", "", "C", 60, 60, 39.37, 270],
		[221, "U7_2", 3210, -770.04, "T", "DIP", "$1N2475", "", "C", 60, 60, 39.37, 270],
		[222, "U7_2", 3210, -770.04, "B", "DIP", "$1N2475", "", "C", 60, 60, 39.37, 270],
		[223, "U8_1", 3877.71, -782.29, "T", "DIP", "$1N2619", "", "C", 60, 60, 39.37, 45],
		[224, "U8_1", 3877.71, -782.29, "B", "DIP", "$1N2619", "", "C", 60, 60, 39.37, 45],
		[225, "U8_2", 3432.29, -1227.71, "T", "DIP", "$1N2479", "", "C", 60, 60, 39.37, 45],
		[226, "U8_2", 3432.29, -1227.71, "B", "DIP", "$1N2479", "", "C", 60, 60, 39.37, 45],
		[227, "U9_1", 4025, -1409.96, "T", "DIP", "$1N2623", "", "C", 60, 60, 39.37, 270],
		[228, "U9_1", 4025, -1409.96, "B", "DIP", "$1N2623", "", "C", 60, 60, 39.37, 270],
		[229, "U9_2", 4025, -780.04, "T", "DIP", "$1N2619", "", "C", 60, 60, 39.37, 270],
		[230, "U9_2", 4025, -780.04, "B", "DIP", "$1N2619", "", "C", 60, 60, 39.37, 270],
		[231, "U10_1", 4687.71, -752.29, "T", "DIP", "$1N2763", "", "C", 60, 60, 39.37, 45],
		[232, "U10_1", 4687.71, -752.29, "B", "DIP", "$1N2763", "", "C", 60, 60, 39.37, 45],
		[233, "U10_2", 4242.29, -1197.71, "T", "DIP", "$1N2623", "", "C", 60, 60, 39.37, 45],
		[234, "U10_2", 4242.29, -1197.71, "B", "DIP", "$1N2623", "", "C", 60, 60, 39.37, 45],
		[235, "U11_1", 4810, -1384.96, "T", "DIP", "$1N2767", "", "C", 60, 60, 39.37, 270],
		[236, "U11_1", 4810, -1384.96, "B", "DIP", "$1N2767", "", "C", 60, 60, 39.37, 270],
		[237, "U11_2", 4810, -755.04, "T", "DIP", "$1N2763", "", "C", 60, 60, 39.37, 270],
		[238, "U11_2", 4810, -755.04, "B", "DIP", "$1N2763", "", "C", 60, 60, 39.37, 270],
		[239, "U12_1", 5462.71, -732.29, "T", "DIP", "$1N2907", "", "C", 60, 60, 39.37, 45],
		[240, "U12_1", 5462.71, -732.29, "B", "DIP", "$1N2907", "", "C", 60, 60, 39.37, 45],
		[241, "U12_2", 5017.29, -1177.71, "T", "DIP", "$1N2767", "", "C", 60, 60, 39.37, 45],
		[242, "U12_2", 5017.29, -1177.71, "B", "DIP", "$1N2767", "", "C", 60, 60, 39.37, 45],
		[243, "U13_1", 5595, -1364.96, "T", "DIP", "$1N2911", "", "C", 60, 60, 39.37, 270],
		[244, "U13_1", 5595, -1364.96, "B", "DIP", "$1N2911", "", "C", 60, 60, 39.37, 270],
		[245, "U13_2", 5595, -735.04, "T", "DIP", "$1N2907", "", "C", 60, 60, 39.37, 270],
		[246, "U13_2", 5595, -735.04, "B", "DIP", "$1N2907", "", "C", 60, 60, 39.37, 270],
		[247, "U14_1", 6262.71, -737.29, "T", "DIP", "$1N3051", "", "C", 60, 60, 39.37, 45],
		[248, "U14_1", 6262.71, -737.29, "B", "DIP", "$1N3051", "", "C", 60, 60, 39.37, 45],
		[249, "U14_2", 5817.29, -1182.71, "T", "DIP", "$1N2911", "", "C", 60, 60, 39.37, 45],
		[250, "U14_2", 5817.29, -1182.71, "B", "DIP", "$1N2911", "", "C", 60, 60, 39.37, 45],
		[251, "U15_1", 6390, -1369.96, "T", "DIP", "$1N3055", "", "C", 60, 60, 39.37, 270],
		[252, "U15_1", 6390, -1369.96, "B", "DIP", "$1N3055", "", "C", 60, 60, 39.37, 270],
		[253, "U15_2", 6390, -740.04, "T", "DIP", "$1N3051", "", "C", 60, 60, 39.37, 270],
		[254, "U15_2", 6390, -740.04, "B", "DIP", "$1N3051", "", "C", 60, 60, 39.37, 270],
		[255, "U16_1", 7037.71, -737.29, "T", "DIP", "$1N3195", "", "C", 60, 60, 39.37, 45],
		[256, "U16_1", 7037.71, -737.29, "B", "DIP", "$1N3195", "", "C", 60, 60, 39.37, 45],
		[257, "U16_2", 6592.29, -1182.71, "T", "DIP", "$1N3055", "", "C", 60, 60, 39.37, 45],
		[258, "U16_2", 6592.29, -1182.71, "B", "DIP", "$1N3055", "", "C", 60, 60, 39.37, 45],
		[259, "U17_1", 7175, -1369.96, "T", "DIP", "$1N3199", "", "C", 60, 60, 39.37, 270],
		[260, "U17_1", 7175, -1369.96, "B", "DIP", "$1N3199", "", "C", 60, 60, 39.37, 270],
		[261, "U17_2", 7175, -740.04, "T", "DIP", "$1N3195", "", "C", 60, 60, 39.37, 270],
		[262, "U17_2", 7175, -740.04, "B", "DIP", "$1N3195", "", "C", 60, 60, 39.37, 270],
		[263, "U18_1", 7817.71, -727.29, "T", "DIP", "$1N3339", "", "C", 60, 60, 39.37, 45],
		[264, "U18_1", 7817.71, -727.29, "B", "DIP", "$1N3339", "", "C", 60, 60, 39.37, 45],
		[265, "U18_2", 7372.29, -1172.71, "T", "DIP", "$1N3199", "", "C", 60, 60, 39.37, 45],
		[266, "U18_2", 7372.29, -1172.71, "B", "DIP", "$1N3199", "", "C", 60, 60, 39.37, 45],
		[267, "U19_1", 7960, -1354.96, "T", "DIP", "$1N3343", "", "C", 60, 60, 39.37, 270],
		[268, "U19_1", 7960, -1354.96, "B", "DIP", "$1N3343", "", "C", 60, 60, 39.37, 270],
		[269, "U19_2", 7960, -725.04, "T", "DIP", "$1N3339", "", "C", 60, 60, 39.37, 270],
		[270, "U19_2", 7960, -725.04, "B", "DIP", "$1N3339", "", "C", 60, 60, 39.37, 270],
		[271, "U20_1", 8612.71, -797.29, "T", "DIP", "$1N4268", "", "C", 60, 60, 39.37, 45],
		[272, "U20_1", 8612.71, -797.29, "B", "DIP", "$1N4268", "", "C", 60, 60, 39.37, 45],
		[273, "U20_2", 8167.29, -1242.71, "T", "DIP", "$1N3343", "", "C", 60, 60, 39.37, 45],
		[274, "U20_2", 8167.29, -1242.71, "B", "DIP", "$1N3343", "", "C", 60, 60, 39.37, 45],
		[275, "U21_1", 8750, -1429.96, "T", "DIP", "$1N4243", "", "C", 60, 60, 39.37, 270],
		[276, "U21_1", 8750, -1429.96, "B", "DIP", "$1N4243", "", "C", 60, 60, 39.37, 270],
		[277, "U21_2", 8750, -800.04, "T", "DIP", "$1N4268", "", "C", 60, 60, 39.37, 270],
		[278, "U21_2", 8750, -800.04, "B", "DIP", "$1N4268", "", "C", 60, 60, 39.37, 270],
		[279, "U22_1", 9362.71, -957.29, "T", "DIP", "$1N4271", "", "C", 60, 60, 39.37, 45],
		[280, "U22_1", 9362.71, -957.29, "B", "DIP", "$1N4271", "", "C", 60, 60, 39.37, 45],
		[281, "U22_2", 8917.29, -1402.71, "T", "DIP", "$1N4243", "", "C", 60, 60, 39.37, 45],
		[282, "U22_2", 8917.29, -1402.71, "B", "DIP", "$1N4243", "", "C", 60, 60, 39.37, 45],
		[283, "U23_1", 9535, -1454.96, "T", "DIP", "$1N3631", "", "C", 60, 60, 39.37, 270],
		[284, "U23_1", 9535, -1454.96, "B", "DIP", "$1N3631", "", "C", 60, 60, 39.37, 270],
		[285, "U23_2", 9535, -825.04, "T", "DIP", "$1N4271", "", "C", 60, 60, 39.37, 270],
		[286, "U23_2", 9535, -825.04, "B", "DIP", "$1N4271", "", "C", 60, 60, 39.37, 270],
		[287, "U24_1", 10157.71, -812.29, "T", "DIP", "$1N4211", "", "C", 60, 60, 39.37, 45],
		[288, "U24_1", 10157.71, -812.29, "B", "DIP", "$1N4211", "", "C", 60, 60, 39.37, 45],
		[289, "U24_2", 9712.29, -1257.71, "T", "DIP", "$1N3631", "", "C", 60, 60, 39.37, 45],
		[290, "U24_2", 9712.29, -1257.71, "B", "DIP", "$1N3631", "", "C", 60, 60, 39.37, 45],
		[291, "U25_1", 10330, -1439.96, "T", "DIP", "$1N3775", "", "C", 60, 60, 39.37, 270],
		[292, "U25_1", 10330, -1439.96, "B", "DIP", "$1N3775", "", "C", 60, 60, 39.37, 270],
		[293, "U25_2", 10330, -810.04, "T", "DIP", "$1N4211", "", "C", 60, 60, 39.37, 270],
		[294, "U25_2", 10330, -810.04, "B", "DIP", "$1N4211", "", "C", 60, 60, 39.37, 270],
		[295, "U26_1", 10952.71, -817.29, "T", "DIP", "$1N4214", "", "C", 60, 60, 39.37, 45],
		[296, "U26_1", 10952.71, -817.29, "B", "DIP", "$1N4214", "", "C", 60, 60, 39.37, 45],
		[297, "U26_2", 10507.29, -1262.71, "T", "DIP", "$1N3775", "", "C", 60, 60, 39.37, 45],
		[298, "U26_2", 10507.29, -1262.71, "B", "DIP", "$1N3775", "", "C", 60, 60, 39.37, 45],
		[299, "U27_1", 11105, -1444.96, "T", "DIP", "$1N3919", "", "C", 60, 60, 39.37, 270],
		[300, "U27_1", 11105, -1444.96, "B", "DIP", "$1N3919", "", "C", 60, 60, 39.37, 270],
		[301, "U27_2", 11105, -815.04, "T", "DIP", "$1N4214", "", "C", 60, 60, 39.37, 270],
		[302, "U27_2", 11105, -815.04, "B", "DIP", "$1N4214", "", "C", 60, 60, 39.37, 270],
		[303, "U28_1", 11742.71, -812.29, "T", "DIP", "NET5", "", "C", 60, 60, 39.37, 45],
		[304, "U28_1", 11742.71, -812.29, "B", "DIP", "NET5", "", "C", 60, 60, 39.37, 45],
		[305, "U28_2", 11297.29, -1257.71, "T", "DIP", "$1N3919", "", "C", 60, 60, 39.37, 45],
		[306, "U28_2", 11297.29, -1257.71, "B", "DIP", "$1N3919", "", "C", 60, 60, 39.37, 45],
		[307, "U29_1", 11895, -1444.96, "T", "DIP", "$1N4063", "", "C", 60, 60, 39.37, 270],
		[308, "U29_1", 11895, -1444.96, "B", "DIP", "$1N4063", "", "C", 60, 60, 39.37, 270],
		[309, "U29_2", 11895, -815.04, "T", "DIP", "NET5", "", "C", 60, 60, 39.37, 270],
		[310, "U29_2", 11895, -815.04, "B", "DIP", "NET5", "", "C", 60, 60, 39.37, 270]
	]
}
}